{"stats":{"minecraft:custom":{"minecraft:mob_kills":68,"minecraft:interact_with_crafting_table":22,"minecraft:leave_game":8,"minecraft:time_since_death":151136,"minecraft:climb_one_cm":4370,"minecraft:sprint_one_cm":325571,"minecraft:walk_one_cm":225791,"minecraft:damage_blocked_by_shield":325,"minecraft:drop":24,"minecraft:damage_dealt_absorbed":8,"minecraft:play_time":151136,"minecraft:sneak_time":3027,"minecraft:walk_under_water_one_cm":12327,"minecraft:boat_one_cm":9389,"minecraft:jump":2146,"minecraft:walk_on_water_one_cm":26946,"minecraft:total_world_time":151136,"minecraft:interact_with_furnace":58,"minecraft:sleep_in_bed":6,"minecraft:time_since_rest":8491,"minecraft:damage_taken":2783,"minecraft:damage_dealt":8807,"minecraft:swim_one_cm":65445,"minecraft:player_kills":1,"minecraft:fly_one_cm":302881,"minecraft:open_chest":7,"minecraft:crouch_one_cm":9019,"minecraft:fall_one_cm":45096},"minecraft:broken":{"minecraft:stone_axe":1},"minecraft:picked_up":{"minecraft:iron_chestplate":1,"minecraft:crafting_table":7,"minecraft:chicken":6,"minecraft:string":4,"minecraft:iron_leggings":1,"minecraft:cobbled_deepslate":12,"minecraft:beef":12,"minecraft:iron_pickaxe":1,"minecraft:melon_slice":63,"minecraft:birch_sapling":24,"minecraft:furnace":5,"minecraft:raw_iron":64,"minecraft:stick":10,"minecraft:torch":6,"minecraft:porkchop":24,"minecraft:diorite":8,"minecraft:rotten_flesh":16,"minecraft:arrow":4,"minecraft:glow_berries":5,"minecraft:mutton":12,"minecraft:white_wool":3,"minecraft:cobblestone":165,"minecraft:birch_log":56,"minecraft:cooked_beef":3,"minecraft:jungle_boat":1,"minecraft:feather":7,"minecraft:lilac":2,"minecraft:andesite":2,"minecraft:jungle_log":12,"minecraft:leather":10,"minecraft:brown_wool":2,"minecraft:birch_planks":6,"minecraft:oak_log":7,"minecraft:gunpowder":7,"minecraft:dirt":21,"minecraft:cooked_mutton":5,"minecraft:bone":7,"minecraft:bow":1,"minecraft:raw_gold":22,"minecraft:moss_block":3,"minecraft:oak_planks":21,"minecraft:sand":1,"minecraft:jungle_planks":16,"minecraft:ink_sac":3,"minecraft:white_bed":8,"minecraft:jungle_slab":2,"minecraft:diamond":20,"minecraft:granite":4,"minecraft:gray_wool":2,"minecraft:black_wool":1,"minecraft:coal":19},"minecraft:killed":{"minecraft:cave_spider":1,"minecraft:spider":2,"minecraft:skeleton":9,"minecraft:chicken":6,"minecraft:wolf":1,"minecraft:husk":2,"minecraft:pig":11,"minecraft:sheep":9,"minecraft:zombie":13,"minecraft:enderman":1,"minecraft:cow":5},"minecraft:used":{"minecraft:moss_block":2,"minecraft:shield":12,"minecraft:torch":3,"minecraft:dirt":21,"minecraft:granite":4,"minecraft:iron_axe":56,"minecraft:birch_sapling":4,"minecraft:bow":2,"minecraft:furnace":2,"minecraft:cooked_beef":15,"minecraft:cobbled_deepslate":5,"minecraft:cooked_mutton":16,"minecraft:diorite":8,"minecraft:birch_planks":93,"minecraft:stone_pickaxe":69,"minecraft:oak_planks":21,"minecraft:wooden_pickaxe":24,"minecraft:birch_boat":1,"minecraft:glow_berries":5,"minecraft:sand":1,"minecraft:crafting_table":7,"minecraft:white_bed":8,"minecraft:string":2,"minecraft:iron_pickaxe":204,"minecraft:stone_axe":175,"minecraft:cobblestone":112,"minecraft:cooked_porkchop":10,"minecraft:birch_log":13},"minecraft:mined":{"minecraft:white_bed":8,"minecraft:deepslate_diamond_ore":16,"minecraft:jungle_slab":2,"minecraft:jungle_leaves":2,"minecraft:glow_lichen":1,"minecraft:granite":9,"minecraft:grass_block":6,"minecraft:jungle_planks":1,"minecraft:jungle_log":12,"minecraft:moss_block":4,"minecraft:sandstone_stairs":2,"minecraft:furnace":2,"minecraft:iron_ore":38,"minecraft:andesite":4,"minecraft:cave_vines":2,"minecraft:deepslate_iron_ore":20,"minecraft:vine":1,"minecraft:azalea":4,"minecraft:stone":107,"minecraft:cut_sandstone":1,"minecraft:flowering_azalea":1,"minecraft:smooth_sandstone":1,"minecraft:crafting_table":5,"minecraft:torch":1,"minecraft:short_grass":7,"minecraft:melon":6,"minecraft:cobblestone":6,"minecraft:tall_grass":1,"minecraft:deepslate_gold_ore":22,"minecraft:diorite":5,"minecraft:wall_torch":2,"minecraft:birch_sapling":1,"minecraft:birch_planks":8,"minecraft:birch_log":56,"minecraft:lilac":2,"minecraft:birch_leaves":3,"minecraft:oak_log":7,"minecraft:coal_ore":12,"minecraft:gravel":2,"minecraft:sand":2,"minecraft:dirt":21,"minecraft:oak_leaves":1,"minecraft:deepslate":20},"minecraft:dropped":{"minecraft:iron_ingot":5,"minecraft:moss_block":1,"minecraft:lilac":2,"minecraft:feather":7,"minecraft:cobblestone":14,"minecraft:jungle_planks":16,"minecraft:jungle_slab":2,"minecraft:mutton":1,"minecraft:brown_wool":2,"minecraft:iron_pickaxe":1,"minecraft:stone_axe":1,"minecraft:cobbled_deepslate":1,"minecraft:oak_planks":21,"minecraft:cooked_mutton":2,"minecraft:iron_chestplate":1,"minecraft:andesite":2,"minecraft:arrow":1,"minecraft:black_wool":1},"minecraft:crafted":{"minecraft:birch_boat":1,"minecraft:furnace":1,"minecraft:cooked_mutton":13,"minecraft:iron_boots":1,"minecraft:iron_axe":1,"minecraft:stone_pickaxe":1,"minecraft:cooked_beef":12,"minecraft:cooked_porkchop":13,"minecraft:crafting_table":1,"minecraft:wooden_pickaxe":1,"minecraft:iron_helmet":1,"minecraft:birch_planks":172,"minecraft:stone_axe":2,"minecraft:air":0,"minecraft:jungle_planks":48,"minecraft:iron_chestplate":1,"minecraft:shield":1,"minecraft:stick":8,"minecraft:iron_ingot":39,"minecraft:iron_pickaxe":1,"minecraft:white_bed":1,"minecraft:torch":8}},"DataVersion":3700}