{"stats":{"minecraft:killed":{"minecraft:spider":2,"minecraft:skeleton":12,"minecraft:zombie_villager":1,"minecraft:sheep":9,"minecraft:zombie":8,"minecraft:cow":4},"minecraft:crafted":{"minecraft:jungle_button":52,"minecraft:furnace":5,"minecraft:cooked_mutton":12,"minecraft:bow":1,"minecraft:iron_boots":1,"minecraft:iron_axe":1,"minecraft:stone_pickaxe":1,"minecraft:chest":1,"minecraft:diamond_boots":1,"minecraft:cooked_beef":11,"minecraft:crafting_table":3,"minecraft:jungle_boat":1,"minecraft:wooden_pickaxe":1,"minecraft:iron_helmet":1,"minecraft:iron_sword":1,"minecraft:bucket":1,"minecraft:birch_planks":36,"minecraft:stone_axe":1,"minecraft:air":0,"minecraft:jungle_planks":144,"minecraft:jungle_door":3,"minecraft:iron_chestplate":1,"minecraft:shield":2,"minecraft:stick":20,"minecraft:iron_ingot":45,"minecraft:iron_pickaxe":1,"minecraft:iron_leggings":2,"minecraft:white_bed":2,"minecraft:torch":16,"minecraft:diamond_chestplate":1},"minecraft:picked_up":{"minecraft:iron_chestplate":1,"minecraft:cocoa_beans":98,"minecraft:crafting_table":9,"minecraft:clay_ball":12,"minecraft:wooden_pickaxe":3,"minecraft:diamond_horse_armor":2,"minecraft:shield":3,"minecraft:music_disc_cat":2,"minecraft:string":4,"minecraft:moss_carpet":3,"minecraft:iron_axe":3,"minecraft:iron_leggings":3,"minecraft:cobbled_deepslate":48,"minecraft:beef":14,"minecraft:azalea":6,"minecraft:jungle_sapling":3,"minecraft:iron_nugget":54,"minecraft:iron_pickaxe":4,"minecraft:melon_slice":127,"minecraft:sugar_cane":70,"minecraft:iron_boots":6,"minecraft:furnace":7,"minecraft:stick":21,"minecraft:raw_iron":51,"minecraft:jungle_door":2,"minecraft:torch":5,"minecraft:diorite":16,"minecraft:redstone":38,"minecraft:diamond_chestplate":2,"minecraft:rotten_flesh":12,"minecraft:arrow":13,"minecraft:golden_hoe":6,"minecraft:diamond_boots":2,"minecraft:gold_ingot":3,"minecraft:obsidian":1,"minecraft:glow_berries":32,"minecraft:mutton":38,"minecraft:white_wool":13,"minecraft:cobblestone":258,"minecraft:birch_log":9,"minecraft:clock":6,"minecraft:jungle_boat":1,"minecraft:cooked_beef":12,"minecraft:andesite":4,"minecraft:water_bucket":1,"minecraft:jungle_log":37,"minecraft:leather":12,"minecraft:birch_planks":6,"minecraft:flint":2,"minecraft:tuff":8,"minecraft:golden_boots":6,"minecraft:gunpowder":19,"minecraft:lapis_lazuli":64,"minecraft:dirt":21,"minecraft:bone":43,"minecraft:bow":7,"minecraft:wheat_seeds":9,"minecraft:raw_gold":24,"minecraft:iron_ingot":40,"minecraft:stone_pickaxe":3,"minecraft:moss_block":1,"minecraft:oak_planks":1,"minecraft:iron_sword":3,"minecraft:flowering_azalea":1,"minecraft:music_disc_13":2,"minecraft:axolotl_bucket":2,"minecraft:gravel":12,"minecraft:jungle_planks":92,"minecraft:white_bed":9,"minecraft:diamond":105,"minecraft:stone_axe":4,"minecraft:iron_helmet":3,"minecraft:granite":13,"minecraft:golden_apple":1,"minecraft:gray_wool":3,"minecraft:black_wool":1,"minecraft:coal":38},"minecraft:mined":{"minecraft:tuff":6,"minecraft:white_bed":5,"minecraft:deepslate_diamond_ore":37,"minecraft:jungle_leaves":19,"minecraft:cave_vines_plant":16,"minecraft:granite":8,"minecraft:grass_block":2,"minecraft:jungle_planks":2,"minecraft:jungle_log":37,"minecraft:moss_block":3,"minecraft:spawner":3,"minecraft:furnace":7,"minecraft:iron_ore":33,"minecraft:cobbled_deepslate":6,"minecraft:fire":8,"minecraft:andesite":4,"minecraft:deepslate_lapis_ore":2,"minecraft:cave_vines":21,"minecraft:deepslate_iron_ore":23,"minecraft:vine":3,"minecraft:azalea":3,"minecraft:stone":155,"minecraft:deepslate_redstone_ore":2,"minecraft:flowering_azalea":1,"minecraft:jungle_door":2,"minecraft:crafting_table":9,"minecraft:clay":1,"minecraft:short_grass":15,"minecraft:melon":12,"minecraft:tall_grass":1,"minecraft:cobblestone":11,"minecraft:deepslate_gold_ore":6,"minecraft:lapis_ore":1,"minecraft:oak_planks":1,"minecraft:sugar_cane":4,"minecraft:diorite":14,"minecraft:birch_planks":3,"minecraft:birch_log":9,"minecraft:birch_leaves":2,"minecraft:coal_ore":18,"minecraft:cocoa":1,"minecraft:gravel":6,"minecraft:dirt":4,"minecraft:fern":3,"minecraft:deepslate":19},"minecraft:custom":{"minecraft:mob_kills":36,"minecraft:interact_with_crafting_table":38,"minecraft:leave_game":6,"minecraft:time_since_death":7475,"minecraft:climb_one_cm":8290,"minecraft:sprint_one_cm":360510,"minecraft:walk_one_cm":199140,"minecraft:damage_blocked_by_shield":1796,"minecraft:drop":18,"minecraft:play_time":117457,"minecraft:deaths":6,"minecraft:sneak_time":3641,"minecraft:walk_under_water_one_cm":10629,"minecraft:boat_one_cm":106811,"minecraft:jump":2415,"minecraft:walk_on_water_one_cm":24811,"minecraft:total_world_time":117457,"minecraft:interact_with_furnace":102,"minecraft:sleep_in_bed":7,"minecraft:time_since_rest":7507,"minecraft:damage_taken":2987,"minecraft:damage_absorbed":40,"minecraft:damage_dealt":6105,"minecraft:swim_one_cm":53222,"minecraft:fly_one_cm":341441,"minecraft:open_chest":14,"minecraft:crouch_one_cm":9469,"minecraft:fall_one_cm":60330},"minecraft:used":{"minecraft:azalea":6,"minecraft:moss_block":1,"minecraft:moss_carpet":1,"minecraft:chest":1,"minecraft:shield":52,"minecraft:iron_sword":50,"minecraft:torch":17,"minecraft:dirt":21,"minecraft:jungle_planks":36,"minecraft:tuff":6,"minecraft:granite":5,"minecraft:axolotl_bucket":2,"minecraft:jungle_sapling":3,"minecraft:flowering_azalea":1,"minecraft:iron_axe":25,"minecraft:jungle_log":1,"minecraft:iron_helmet":2,"minecraft:iron_boots":1,"minecraft:diamond_chestplate":1,"minecraft:bow":1,"minecraft:jungle_button":52,"minecraft:furnace":8,"minecraft:cooked_beef":8,"minecraft:cobbled_deepslate":35,"minecraft:cooked_mutton":8,"minecraft:water_bucket":13,"minecraft:diorite":3,"minecraft:birch_planks":30,"minecraft:stone_pickaxe":104,"minecraft:oak_planks":1,"minecraft:wooden_pickaxe":27,"minecraft:jungle_boat":1,"minecraft:golden_apple":1,"minecraft:glow_berries":21,"minecraft:golden_hoe":2,"minecraft:crafting_table":10,"minecraft:white_bed":5,"minecraft:melon_slice":10,"minecraft:iron_pickaxe":249,"minecraft:stone_axe":85,"minecraft:cobblestone":89,"minecraft:jungle_door":2,"minecraft:andesite":4,"minecraft:bucket":16},"minecraft:killed_by":{"minecraft:player":1,"minecraft:creeper":1,"minecraft:drowned":1,"minecraft:zombie":1},"minecraft:dropped":{"minecraft:diamond":1,"minecraft:crafting_table":1,"minecraft:iron_leggings":1,"minecraft:iron_pickaxe":1,"minecraft:moss_carpet":2,"minecraft:stone_axe":1,"minecraft:cobbled_deepslate":1,"minecraft:tuff":2,"minecraft:iron_boots":3,"minecraft:cooked_mutton":4,"minecraft:iron_chestplate":1,"minecraft:bow":1}},"DataVersion":3700}