{"stats":{"minecraft:mined":{"minecraft:short_grass":9,"minecraft:vine":2,"minecraft:jungle_log":14,"minecraft:jungle_leaves":9,"minecraft:fern":2},"minecraft:used":{"minecraft:jungle_sapling":3,"minecraft:jungle_button":52,"minecraft:jungle_log":1},"minecraft:killed":{"minecraft:sheep":1},"minecraft:custom":{"minecraft:time_since_rest":7508,"minecraft:crouch_one_cm":90,"minecraft:play_time":7508,"minecraft:sprint_one_cm":20048,"minecraft:damage_taken":40,"minecraft:walk_one_cm":12648,"minecraft:sneak_time":23,"minecraft:walk_under_water_one_cm":207,"minecraft:mob_kills":1,"minecraft:jump":178,"minecraft:damage_dealt":79,"minecraft:leave_game":2,"minecraft:walk_on_water_one_cm":697,"minecraft:time_since_death":7508,"minecraft:climb_one_cm":2974,"minecraft:total_world_time":7508,"minecraft:swim_one_cm":1771,"minecraft:fall_one_cm":5380,"minecraft:fly_one_cm":38177},"minecraft:picked_up":{"minecraft:jungle_log":14,"minecraft:wheat_seeds":1,"minecraft:jungle_sapling":3},"minecraft:crafted":{"minecraft:jungle_button":52,"minecraft:jungle_planks":52}},"DataVersion":3700}