{"stats":{"minecraft:picked_up":{"minecraft:stick":15,"minecraft:rotten_flesh":1,"minecraft:wheat_seeds":33,"minecraft:oak_leaves":132,"minecraft:acacia_sapling":7,"minecraft:dirt":26,"minecraft:egg":1},"minecraft:custom":{"minecraft:time_since_rest":86616,"minecraft:open_chest":3,"minecraft:crouch_one_cm":1652,"minecraft:play_time":86616,"minecraft:sprint_one_cm":36070,"minecraft:damage_taken":125,"minecraft:walk_one_cm":69909,"minecraft:sneak_time":1144,"minecraft:walk_under_water_one_cm":6336,"minecraft:mob_kills":3,"minecraft:jump":249,"minecraft:damage_dealt":178,"minecraft:leave_game":7,"minecraft:walk_on_water_one_cm":389,"minecraft:time_since_death":86616,"minecraft:total_world_time":86616,"minecraft:climb_one_cm":1806,"minecraft:swim_one_cm":937,"minecraft:fall_one_cm":1131,"minecraft:fly_one_cm":483457},"minecraft:used":{"minecraft:jungle_leaves":8,"minecraft:dirt":4,"minecraft:birch_planks":34,"minecraft:grass_block":77,"minecraft:oak_planks":1,"minecraft:spruce_planks":1,"minecraft:stone":61,"minecraft:shears":238},"minecraft:killed":{"minecraft:skeleton":1},"minecraft:broken":{"minecraft:shears":1},"minecraft:mined":{"minecraft:grass_block":1,"minecraft:oak_leaves":242}},"DataVersion":3700}