{"stats":{"minecraft:broken":{"minecraft:shears":1},"minecraft:killed":{"minecraft:skeleton":1},"minecraft:dropped":{"minecraft:stone":1},"minecraft:mined":{"minecraft:short_grass":1,"minecraft:grass_block":3,"minecraft:dirt":2,"minecraft:oak_leaves":242},"minecraft:custom":{"minecraft:time_since_rest":167474,"minecraft:sprint_one_cm":62006,"minecraft:damage_taken":135,"minecraft:walk_one_cm":113419,"minecraft:mob_kills":3,"minecraft:drop":1,"minecraft:damage_dealt":313,"minecraft:swim_one_cm":937,"minecraft:fly_one_cm":653528,"minecraft:open_chest":3,"minecraft:crouch_one_cm":1807,"minecraft:play_time":167474,"minecraft:sneak_time":2074,"minecraft:walk_under_water_one_cm":6336,"minecraft:jump":414,"minecraft:leave_game":12,"minecraft:time_since_death":167474,"minecraft:walk_on_water_one_cm":389,"minecraft:climb_one_cm":2006,"minecraft:total_world_time":167474,"minecraft:fall_one_cm":2926},"minecraft:used":{"minecraft:creeper_spawn_egg":1,"minecraft:jungle_leaves":8,"minecraft:birch_planks":50,"minecraft:grass_block":275,"minecraft:oak_planks":40,"minecraft:spruce_planks":1,"minecraft:stone":417,"minecraft:flowering_azalea_leaves":385,"minecraft:dirt":6,"minecraft:gold_block":1,"minecraft:shears":238,"minecraft:bat_spawn_egg":17,"minecraft:birch_stairs":8},"minecraft:picked_up":{"minecraft:stick":16,"minecraft:dirt":30,"minecraft:rotten_flesh":1,"minecraft:wheat_seeds":33,"minecraft:oak_sapling":3,"minecraft:acacia_sapling":7,"minecraft:oak_leaves":132,"minecraft:egg":1}},"DataVersion":3700}