{"stats":{"minecraft:dropped":{"minecraft:stone":1},"minecraft:used":{"minecraft:jungle_leaves":8,"minecraft:dirt":4,"minecraft:birch_planks":48,"minecraft:grass_block":273,"minecraft:oak_planks":1,"minecraft:gold_block":1,"minecraft:spruce_planks":1,"minecraft:stone":417,"minecraft:shears":238,"minecraft:bat_spawn_egg":10,"minecraft:flowering_azalea_leaves":385},"minecraft:mined":{"minecraft:grass_block":1,"minecraft:oak_leaves":242},"minecraft:killed":{"minecraft:skeleton":1},"minecraft:broken":{"minecraft:shears":1},"minecraft:custom":{"minecraft:time_since_rest":115906,"minecraft:open_chest":3,"minecraft:crouch_one_cm":1701,"minecraft:play_time":115906,"minecraft:sprint_one_cm":45592,"minecraft:damage_taken":125,"minecraft:walk_one_cm":92690,"minecraft:sneak_time":1902,"minecraft:walk_under_water_one_cm":6336,"minecraft:mob_kills":3,"minecraft:drop":1,"minecraft:jump":302,"minecraft:damage_dealt":178,"minecraft:leave_game":11,"minecraft:walk_on_water_one_cm":389,"minecraft:time_since_death":115906,"minecraft:total_world_time":115906,"minecraft:climb_one_cm":1991,"minecraft:swim_one_cm":937,"minecraft:fall_one_cm":1131,"minecraft:fly_one_cm":581873},"minecraft:picked_up":{"minecraft:stick":16,"minecraft:rotten_flesh":1,"minecraft:wheat_seeds":33,"minecraft:oak_sapling":3,"minecraft:oak_leaves":132,"minecraft:acacia_sapling":7,"minecraft:dirt":26,"minecraft:egg":1}},"DataVersion":3700}