{"stats":{"minecraft:used":{"minecraft:jungle_leaves":8,"minecraft:dirt":4,"minecraft:birch_planks":8,"minecraft:grass_block":75,"minecraft:oak_planks":1,"minecraft:spruce_planks":1,"minecraft:stone":6},"minecraft:custom":{"minecraft:time_since_rest":53571,"minecraft:open_chest":3,"minecraft:crouch_one_cm":373,"minecraft:play_time":53571,"minecraft:sprint_one_cm":11270,"minecraft:damage_taken":125,"minecraft:walk_one_cm":35614,"minecraft:sneak_time":523,"minecraft:walk_under_water_one_cm":6336,"minecraft:jump":139,"minecraft:damage_dealt":98,"minecraft:leave_game":5,"minecraft:walk_on_water_one_cm":389,"minecraft:time_since_death":53571,"minecraft:climb_one_cm":1073,"minecraft:total_world_time":53571,"minecraft:swim_one_cm":937,"minecraft:fall_one_cm":711,"minecraft:fly_one_cm":379989},"minecraft:picked_up":{"minecraft:stick":15,"minecraft:wheat_seeds":20,"minecraft:acacia_sapling":7,"minecraft:dirt":25,"minecraft:egg":1}},"DataVersion":3700}