{"stats":{"minecraft:crafted":{"minecraft:wooden_sword":1,"minecraft:oak_planks":28,"minecraft:crafting_table":1,"minecraft:stick":8,"minecraft:wooden_pickaxe":1,"minecraft:wooden_axe":1,"minecraft:furnace":1,"minecraft:jungle_planks":20},"minecraft:mined":{"minecraft:crafting_table":1,"minecraft:short_grass":5,"minecraft:grass_block":1,"minecraft:oak_log":13,"minecraft:flowering_azalea_leaves":1,"minecraft:vine":1,"minecraft:jungle_log":5,"minecraft:dirt":2,"minecraft:stripped_oak_log":1,"minecraft:azalea_leaves":2,"minecraft:stone":15,"minecraft:diorite":6,"minecraft:fern":2},"minecraft:used":{"minecraft:diorite":1,"minecraft:cooked_mutton":1,"minecraft:wooden_axe":15,"minecraft:wooden_pickaxe":26,"minecraft:wooden_sword":9,"minecraft:crafting_table":2,"minecraft:furnace":1},"minecraft:custom":{"minecraft:time_since_rest":20008,"minecraft:interact_with_furnace":4,"minecraft:sprint_one_cm":23742,"minecraft:damage_taken":110,"minecraft:walk_one_cm":19472,"minecraft:mob_kills":2,"minecraft:damage_dealt":307,"minecraft:swim_one_cm":1504,"minecraft:interact_with_crafting_table":4,"minecraft:fly_one_cm":46435,"minecraft:open_chest":1,"minecraft:crouch_one_cm":108,"minecraft:play_time":20008,"minecraft:sneak_time":36,"minecraft:walk_under_water_one_cm":307,"minecraft:boat_one_cm":84563,"minecraft:jump":271,"minecraft:leave_game":2,"minecraft:walk_on_water_one_cm":752,"minecraft:time_since_death":20008,"minecraft:climb_one_cm":2515,"minecraft:total_world_time":20008,"minecraft:fall_one_cm":9748},"minecraft:killed":{"minecraft:sheep":1,"minecraft:chicken":1},"minecraft:picked_up":{"minecraft:stripped_oak_log":1,"minecraft:crafting_table":1,"minecraft:feather":1,"minecraft:chicken":1,"minecraft:jungle_log":5,"minecraft:oak_log":13,"minecraft:diorite":1,"minecraft:dirt":3,"minecraft:cooked_mutton":1,"minecraft:black_wool":1,"minecraft:mutton":1,"minecraft:cobblestone":16}},"DataVersion":3700}